# id ; SHA256
Timestamp ; 1652870003.8066692
Runtime of function[s] ; 0.010541915893554688
